,Oferta od,Kategoria,Pokaż oferty z numerem VIN,Ma numer rejestracyjny,Marka pojazdu,Model pojazdu,Wersja,Generacja,Rok produkcji,Przebieg,Pojemność skokowa,Rodzaj paliwa,Moc,Skrzynia biegów,Autonomia,Napęd,Pojemność baterii,Rodzaj własności baterii,Emisja CO2,Filtr cząstek stałych,Spalanie W Mieście,Typ nadwozia,Liczba drzwi,Liczba miejsc,Kolor,Metalik,Rodzaj koloru,Kierownica po prawej (Anglik),Kraj pochodzenia,Leasing,VAT marża,Faktura VAT,Okres gwarancji producenta,Możliwość finansowania,Pierwsza rejestracja,Zarejestrowany w Polsce,Pierwszy właściciel,Bezwypadkowy,Serwisowany w ASO,Stan,ABS,Apple CarPlay,Android Auto,Boczne poduszki powietrzne - tył,Boczna poduszka powietrzna kierowcy,CD,Centralny zamek,Elektryczne szyby przednie,Elektrycznie ustawiany fotel pasażera,Elektrycznie ustawiane lusterka,Immobilizer,Poduszka powietrzna kierowcy,Poduszka powietrzna pasażera,Radio fabryczne,Wspomaganie kierownicy,Alarm,Alufelgi,ASR (kontrola trakcji),Alarm ruchu poprzecznego z tyłu pojazdu,Asystent parkowania,Asystent hamowania awaryjnego w mieście,Asystent hamowania - Brake Assist,Aktywny asystent zmiany pasa ruchu,Asystent jazdy w korku,Aktywne rozpoznawanie znaków ograniczenia prędkości,Asystent (czujnik) martwego pola,Asystent świateł drogowych,Asystent zapobiegania kolizjom na skrzyzowaniu,Asystent pasa ruchu,Automatyczna kontrola zjazdu ze stoku,Boczne poduszki powietrzne - przód,Cyfrowy kluczyk,Czujnik deszczu,Czujnik martwego pola,Czujnik zmierzchu,Czujniki parkowania przednie,Czujniki parkowania tylne,Dach panoramiczny,Dach otwierany elektrycznie,Dostęp do internetu,Dynamiczne światła doświetlające zakręty,Dźwignia zmiany biegów wykończona skórą,Ekran dotykowy,Elektrochromatyczne lusterka boczne,Elektrochromatyczne lusterko wsteczne,Elektryczne szyby tylne,Elektrycznie ustawiane fotele,Elektryczny hamulec postojowy,Elektroniczny system rozdziału siły hamowania,Elektroniczna kontrola ciśnienia w oponach,Elektroniczna regul. charakterystyki zawieszenia,Elektrycznie ustawiany fotel kierowcy,ESP,Felgi aluminiowe od 21,Felgi aluminiowe 19,Fotele przednie wentylowane,Fotele przednie z funkcje masażu,Funkcja szybkiego ładowania,Gniazdo AUX,Gniazdo SD,Gniazdo USB,Hak,Hamulce z kompozytów ceramicznych,HUD (wyświetlacz przezierny),Interfejs Bluetooth,Isofix,Kabel do ładowania,Kamera panoramiczna 360,Kamera cofania,Kamera parkowania tył,Kamera w lusterku bocznym,Kierownica ze sterowaniem radia,Kierownica skórzana,Kierownica wielofunkcyjna,Kierownica sportowa,Kierownica ogrzewana,Klimatyzacja automatyczna,Klimatyzacja czterostrefowa,Klimatyzacja automatyczna: 3 strefowa,Klimatyzacja dwustrefowa,"Klimatyzacja automatyczna, dwustrefowa",Klimatyzacja automatyczna: 4 lub wiêcej strefowa,Klimatyzacja manualna,Klimatyzacja dla pasażerów z tyłu,Komputer pokładowy,Kontrola trakcji,Kontrola odległości od poprzedzającego pojazdu,Kontrola odległości z tyłu (przy parkowaniu),Kontrola odległości z przodu (przy parkowaniu),Kurtyny powietrzne - przód,Kurtyny powietrzne - tył,Keyless Go,Keyless entry,Lane assist - kontrola zmiany pasa ruchu,Lampy tylne w technologii LED,Lampy przednie w technologii LED,Lampy bi-ksenonowe,Lampy ksenonowe,Lampy doświetlające zakręt,Lampy przeciwmgielne,Lampy przeciwmgielne w technologii LED,Lusterka boczne ustawiane elektrycznie,Lusterka boczne składane elektrycznie,Ładowanie bezprzewodowe urządzeń,Łopatki zmiany biegów,MP3,Nawigacja GPS,Niezależny system parkowania,Odtwarzacz DVD,Ogranicznik prędkości,Ogrzewanie postojowe,Ogrzewane siedzenia tylne,Opony runflat,Opony letnie,Opony wielosezonowe,Oświetlenie drogi do domu,Oświetlenie wnętrza LED,Oświetlenie adaptacyjne,Park Assistant - asystent parkowania,Podgrzewana przednia szyba,Podgrzewane lusterka boczne,Podgrzewane przednie siedzenia,Podgrzewane tylne siedzenia,Podłokietniki - przód,Podłokietniki - tył,Poduszka powietrzna chroniąca kolana,Poduszki boczne przednie,Poduszki boczne tylne,Poduszka powietrzna centralna,Poduszka kolan kierowcy,Poduszka kolan pasażera,Poduszka powietrzna pasów bezpieczeństwa zm tyłu,Podgrzewany fotel pasażera,Przyciemniane szyby,Przyciemniane tylne szyby,Radio niefabryczne,Radio,Regulowane zawieszenie,Regul. elektr. podparcia lędźwiowego - kierowca,Regul. elektr. podparcia lędźwiowego - pasażer,Relingi dachowe,Rolety na bocznych szybach opuszczane ręcznie,Siedzenie z pamięcią ustawienia,Sportowe fotele - przód,Spryskiwacze reflektorów,Sterowanie funkcjami pojazdu za pomocą głosu,System minimalizujący skutki kolizji,System wspomagania hamowania,System ostrzegający o możliwej kolizji,System rekomendacji przerw podczas trasy,System powiadamiania o wypadku,System Start/Stop,System nawigacji satelitarnej,System odzyskiwania energii,System nagłośnienia,System hamowania awaryjnego dla ochrony pieszych,System rozpoznawania znaków drogowych,Szyberdach,Szyberdach szklany - przesuwny i uchylny elektrycz,Światła do jazdy dziennej,Światła LED,Światła do jazdy dziennej diodowe LED,Światła przeciwmgielne,Światła Xenonowe,Tapicerka skórzana,Tapicerka Alcantara,Tapicerka welurowa,Tempomat,Tempomat aktywny,Tempomat adaptacyjny ACC,Tuner TV,Uruchamianie silnika bez użycia kluczyków,Wielofunkcyjna kierownica,Wycieraczki,Wspomaganie ruszania pod górę- Hill Holder,Wyświetlacz typu Head-Up,Zmieniarka CD,Zawieszenie sportowe,Zawieszenie komfortowe,Zawieszenie powietrzne,Zawieszenie regulowane,Zewnętrzne oklejenie,Zestaw głośnomówiący,Zmiana biegów w kierownicy,Cena,Szczegóły ceny,Waluta
0,Osoby prywatnej,Osobowe,Tak,Tak,Aixam,City,,,2006,40 000 km,400 cm3,Diesel,4 KM,Automatyczna,,,,,,,,Auta małe,3,2,Biały,,,,,,,,,,,,,,,Używane,,,,,,,,,,,,,,,,,,,,,,,,,,,,,,,,,,,,,,,,,,,,,,,,,,,,,,,,,,,,,,,,,,,,,,,,,,,,,,,,,,,,,,,,,,,,,,,,,,,,,,,,,,,,,,,,,,,,,,,,,,,,,,,,,,,,,,,,,,,,,,,,,,,,,,,,,,,,,,,,,,,,,,,,,,,,,,,,,,,,,,,,,13900,Do negocjacji,PLN
1,Osoby prywatnej,Osobowe,Tak,,Aixam,City,,,2001,90 000 km,400 cm3,Diesel,4 KM,Automatyczna,,Na przednie koła,,,,,,Auta małe,3,2,Granatowy,,,,,,Tak,,,,,Tak,,,,Używane,,,,,,,,1.0,,,,,,,,,,,,,,,,,,,,,,,,,,,,,,,,,,,,,,,,,,,,,,,,,,,,,,,,,,,,,,,,,,,,,,,,,,,,,,,,,,,,,,,,,,,,,,,,,,,,,,,,,,,,,,,,,,,,,,,,,,,,,,,,,,,,,,,,,,,,,,,,,,,,,,,,,,,,,,,,,,,,,,,,,,,,,,,,,9999,Do negocjacji,PLN
2,Firmy,Osobowe,Tak,,Aixam,Crossline,,,2020,18 195 km,478 cm3,Diesel,8 KM,Automatyczna,,Na przednie koła,,,,,,Auta małe,2,2,Szary,,Perłowy,,,,Tak,,,,,Tak,,Tak,,Używane,,,1.0,,,,,1.0,,,,,,,1.0,,,,,,,,,,,,,,,,,,,,,,,,,,,,1.0,,,,,,,,,,,,,,,,,,1.0,,,,,,,,,1.0,,,,,,,,,,,,,,,,,,,,,,,,,1.0,,,,,1.0,,,,,,,,,,,,,,,,,,,,,,,,,,,,,,,,,,,1.0,,1.0,,,,,,,,,,,,,,,,,,1.0,,,,,,,1.0,,,1.0,,,,,,,,,,,,,,,,,,1.0,,66900,Do negocjacji,PLN
3,Osoby prywatnej,Osobowe,Tak,,Aixam,A751,,,2007,751 846 km,500 cm3,Diesel,6 KM,Automatyczna,,,,,,,,Auta małe,3,,Szary,,,,,,,,,,,,,,,Używane,,,,,,,,,,,,,,,,,,,,,,,,,,,,,,,,,,,,,,,,,,,,,,,,,,,,,,,,,,,,,,,,,,,,,,,,,,,,,,,,,,,,,,,,,,,,,,,,,,,,,,,,,,,,,,,,,,,,,,,,,,,,,,,,,,,,,,,,,,,,,,,,,,,,,,,,,,,,,,,,,,,,,,,,,,,,,,,,,,,,,,,,,15000,,PLN
4,Firmy,Osobowe,Tak,,Aixam,Crossline,,,2021,800 km,478 cm3,Diesel,8 KM,Automatyczna,,Na przednie koła,,,,,,Auta małe,2,2,Czarny,,Metalik,,,,,Tak,,,,Tak,,Tak,,Używane,,,1.0,,,,,1.0,,,,,,,1.0,,,,,,,,,,,,,,,,,,,,,,,,,,,,1.0,,,,,,,,,,,,,,,,,,1.0,,,,,,,,,1.0,,,,,,,,,,,,,,,,,,1.0,,,,,,,1.0,,,,,1.0,,,,,,,,,,,,,,,,,,,,,,,,,,,,,,,,,,,1.0,,1.0,,,,,,,,,,,,,,,,,,1.0,,,,,,,1.0,,,1.0,,,,,,,,,,,,,,,,,,1.0,,55900,"Do negocjacji, Faktura VAT",PLN
5,Firmy,Osobowe,Tak,,Aixam,Crossline,,,2019,38 752 km,478 cm3,Diesel,8 KM,Automatyczna,,Na przednie koła,,,,,,Auta małe,2,2,Biały,,Perłowy,,,,Tak,,,,,Tak,,Tak,,Używane,,,,,,,,,,,,,,,1.0,,,,,,,,,,,,,,,,,,,,,,,,,,,,1.0,,,,,,,,,,,,,,,,,,1.0,,,,,,,,,,,,,,,,,,,,,,,,,,,1.0,,,,,,,,,,,,1.0,,,,,,,,,,,,,,,,,,,,,,,,,,,,,,,,,,,1.0,,1.0,,,,,,,,,,,,,,,,,,,,,,,,,1.0,,,,,,,,,,,,1.0,,,,,,,,,1.0,,36500,Do negocjacji,PLN
6,Firmy,Osobowe,Tak,,Aixam,Crossline,,,2020,6 633 km,478 cm3,Diesel,8 KM,Automatyczna,,Na przednie koła,,,,,,Auta małe,2,2,Biały,,Perłowy,,,,Tak,,,,,Tak,,Tak,,Używane,,,1.0,,,,,1.0,,,,,,,1.0,,,,,,,,,,,,,,,,,,,,,,,,,,,,1.0,,,,,,,,,,,,,,,,,,1.0,,,,,,,,,1.0,,,,,,,,,,,,,,,,,,,,,,,,,1.0,,,,,1.0,,,,,,,,,,,,,,,,,,,,,,,,,,,,,,,,,,,1.0,,1.0,,,,,,,,,,,,,,,,,,1.0,,,,,,,1.0,,,1.0,,,,,,,,,,,,,,,,,,1.0,,68900,Do negocjacji,PLN
7,Firmy,Osobowe,Tak,,Aixam,Crossline,,,2011,7 421 km,400 cm3,Diesel,5 KM,Automatyczna,,Na przednie koła,,,,,,Auta małe,3,2,Szary,,Metalik,,,,Tak,,,,,,,,,Używane,,,,,,,,1.0,,,,,,,,,,,,,,,,,,,,,,,,,,,,,,,,,,,,,,,,,,,,,,,,,,,,,1.0,,,,,,,,,1.0,,,,,,,,,,,,,,,,,,,,,,,,,,,,,,1.0,,,,,,,,,,,,,,,,,,,,,,,,,,,,,,,,,,,,,1.0,,,,,,,,,,,,,,,,,,,,,,,1.0,,1.0,,,,,,,,,,,,,,,,,,,,,,,27900,,PLN
8,Osoby prywatnej,Osobowe,Tak,,Aixam,Inny,,,2002,35 966 km,490 cm3,Diesel,6 KM,Automatyczna,,,,,,,,Auta małe,3,,Srebrny,,,,,,,,,,,,,,,Używane,,,,,,,,,,,,,,,,,,,,,,,,,,,,,,,,,,,,,,,,,,,,,,,,,,,,,,,,,,,,,,,,,,,,,,,,,,,,,,,,,,,,,,,,,,,,,,,,,,,,,,,,,,,,,,,,,,,,,,,,,,,,,,,,,,,,,,,,,,,,,,,,,,,,,,,,,,,,,,,,,,,,,,,,,,,,,,,,,,,,,,,,,9800,,PLN
9,Osoby prywatnej,Osobowe,Tak,Tak,Aixam,City,,,2018,29 200 km,480 cm3,Diesel,6 KM,Automatyczna,,Na przednie koła,,,,,,Auta małe,3,2,Czerwony,,Metalik,,,,Tak,,,,,Tak,,,,Używane,1.0,,,,,,,1.0,,,,,,,,,,,,,,,,,,,,,,,,,,,,,,,,,,,1.0,,,,,,,,,,,,,,,,,,1.0,,,,1.0,,,,,1.0,,,,,,,,,,,,,,,,,,1.0,,,,,,,,,,,,1.0,,,,,,,,,,1.0,,,,,,,,,,,,,,,,,,,,,,,,,1.0,,1.0,,,,,,,,,,,,,,,,,,1.0,,,,,,,1.0,,,1.0,,,,,,,,,1.0,,,,,,,,,1.0,,39500,Do negocjacji,PLN
10,Firmy,Osobowe,Tak,,Aixam,City,,,2019,12 112 km,479 cm3,Diesel,8 KM,Automatyczna,,Na przednie koła,,,,,,Auta małe,3,2,Niebieski,,Metalik,,,,,,,,,,,,,Używane,,,,,,,,1.0,,,,,,,,,,,,,,,,,,,,,,,,,,,,,,,,,,,,,,,,,,,,,,,,,,,,,,,,,1.0,,,,,1.0,,,,,,,,,,,,,,,,,,1.0,,,,,,,,,,,,,,,,,,,,,,,,,,,,,,,,,,,,,,,,,,,,,,,,,1.0,,,,,,,,,,,,,,,,,,,,,,,,,,,,,,,,,,,,,,,,,,,,,,1.0,,40900,,PLN
11,Firmy,Osobowe,Tak,,Aixam,Inny,,,2010,7 378 km,,Elektryczny,11 KM,Automatyczna,,Na przednie koła,,W cenie,,,,Auta małe,2,2,Biały,,Matowy,,,,Tak,,,,,Tak,,,,Używane,,,,,,,,,,,,,,,,,,,,,,,,,,,,,,,,,,,,,,,,,,,,,,,,,,,,,,,,,,,,,,,,,,,,,,,,,,,,,,,,,,,,,,,,,,,,,,,,,,,,,,,,,,,,,,,,,,,,,,,,,,,,,,,,,,,,,,,,,,,,,,,,,,,,,,,,,,,,,,,,,,,,,,,,,,,,,,,,,,,,,,,,,30900,,PLN
12,Firmy,Osobowe,Tak,,Aixam,Crossline,,,2011,48 525 km,440 cm3,Diesel,4 KM,Automatyczna,,Na przednie koła,,,,,,Auta małe,3,2,Żółty,,,,Francja,,,,,,,Tak,,,,Używane,,,,,,,,1.0,,,,,,,,,,,,,,,,,,,,,,,,,,,,,,,,,,,,,,,,,,,,,,,,,,,,,,,,,,,,,,,,,,,,,,,,,,,,,,,,1.0,,,,,,,,,,,,,,,,,,,,,,,,,,,,,,,,,,,,,,,,,,,,,,,1.0,,1.0,,,,,,,,,,,,,,,,,,,,,,,1.0,,,,,1.0,,,,,,,,,,,,,,,,,,,,22900,Do negocjacji,PLN
13,Firmy,Osobowe,Tak,,Aixam,Crossline,,,2018,31 789 km,498 cm3,Diesel,6 KM,Automatyczna,,Na przednie koła,,,,,,Auta małe,3,2,Biały,,Perłowy,,Francja,,,,,,,Tak,,,,Używane,,,,,,,,1.0,,,,,,,,,,,,,,,,,,,,,,,,,,,,,,,,,,,,,,,,,,,,,,,,,,,,,,,,,,,,,,,,,,,,,,,,,,,,,,,,,,,,,,,,,,,,,,,,,,,,,,,,,,,,,,,,,,,,,,,,,,,,,,,1.0,,1.0,,,,,,,,,,,,,,,,,,,,,,,1.0,,,,,1.0,,,,,,,,,,,,,,,,,,,,30900,Do negocjacji,PLN
14,Firmy,Osobowe,Tak,,Aixam,Crossline,,,2015,23 963 km,490 cm3,Diesel,4 KM,Automatyczna,,Na przednie koła,,,,,,Auta małe,3,2,Biały,,,,Francja,,,,,,,Tak,,,,Używane,,,,,,,,1.0,,,,,,,,,,,,,,,,,,,,,,,,,,,,,,,,,,,,,,,,,,,,,,,,,,,,,,,,,,,,,,,,,,,,,,,,,,,,,,,,1.0,,,,,,,,,,,,,,,,,,,,,,,,,,,,,,,,,,,,,,,,,,,,,,,1.0,,1.0,,,,,,,,,,,,,,,,,,,,,,,1.0,,,,,1.0,,,,,,,,,,,,,,,,,,,,34500,Do negocjacji,PLN
15,Firmy,Osobowe,Tak,,Aixam,Crossover,,,2018,19 500 km,479 cm3,Diesel,8 KM,Automatyczna,,Na przednie koła,,,,,,Auta małe,3,2,Niebieski,,Metalik,,,,,,,,,,,,,Używane,,,,,,,,1.0,,,,,,,,,,,,,,,,,,,,,,,,,,,,,,,,,,,1.0,,,,,,,,,,,,,,,,,,1.0,,,,1.0,,,,,,,,,,,,,,,,,,,,,,,1.0,,,,,,,,,,,,1.0,,,,,,,,,,,,,,,,,,,,,1.0,,,,,,,,,,,,,,1.0,,1.0,,,,,,,1.0,,,,,,,,,,,1.0,,,,,,,1.0,,,1.0,,,,,,,,,,,,,,,,,,1.0,,45900,Do negocjacji,PLN
16,Osoby prywatnej,Osobowe,Tak,,Aixam,City,,,2000,71 000 km,400 cm3,Diesel,5 KM,Manualna,,,,,,,,Auta małe,2,2,Srebrny,,,,,,,,,,,,,,,Używane,,,,,,,,,,,,,,,,,,,,,,,,,,,,,,,,,,,,,,,,,,,,,,,,,,,,,,,,,,,,,,,,,,,,,,,,,,,,,,,,,,,,,,,,,,,,,,,,,,,,,,,,,,,,,,,,,,,,,,,,,,,,,,,,,,,,,,,,,,,,,,,,,,,,,,,,,,,,,,,,,,,,,,,,,,,,,,,,,,,,,,,,,4800,Do negocjacji,PLN
17,Osoby prywatnej,Osobowe,Tak,,Aixam,Inny,,,2011,48 000 km,402 cm3,Diesel,5 KM,Automatyczna,,Na przednie koła,,,,,,Auta małe,2,2,Biały,,Matowy,,Francja,,,,,,,,,,,Używane,,,,,,,,,,,,,,,,,,,,,,,,,,,,,,,,,,,,,,,,,,,,,,,,,,,,,,,,,,,,,,,,,,,,,,,,,,,,,,,,,,,,,,,,,,,,,,,,,,,,,,,,,,,,,,,,,,,,,,,,,,,,,,,,,,,,,,,,,,,,,,,,,,,,,,,,,,,,,,,,,,,,,,,,,,,,,,,,,,,,,,,,,12500,,PLN
18,Firmy,Osobowe,Tak,Tak,Aixam,City,,,2004,86 659 km,400 cm3,Diesel,5 KM,Automatyczna,,Na przednie koła,,,,,,Auta małe,3,2,Srebrny,,Metalik,,,,Tak,,,,,Tak,,,,Używane,,,,,,,,,,,,,,,,,,,,,,,,,,,,,,,,,,,,,,,,,,,,,,,,,,,,,,,,,,,,,,,,,,,,,,,,,,,,,,,,,,,,,,,,,,,,,,,,,,,,,,,,,,,,,,,,,,,1.0,,,,,,,,,,,,,,,,,,,,,,1.0,,,,,,,,,,,,,,,,,,,,,,,,,,,,,,,,,,,,,,,,,,1.0,,,,,,8900,,PLN
19,Firmy,Osobowe,,,Aixam,Coupe,,,2023,1 km,479 cm3,Diesel,8 KM,Automatyczna,,Na przednie koła,,,,,,Auta małe,2,2,Biały,,Perłowy,,,,,Tak,,,,,,Tak,,Nowe,,1.0,1.0,,,,,1.0,,,,,,,,,,,,,,,,,,,,,,,,,,,,,,,,,,,1.0,,,,,,,,,,,,,,,,,,1.0,,,,1.0,,,,,1.0,,,,,1.0,,,,,,,,,,,,,,,,,,,,,,,,,,,,,,,,,,,,,,,,,,,,,,,,,,,,,,,,,,,,1.0,,1.0,,,,,,,1.0,,,,,,,,,1.0,,1.0,,,,,1.0,,1.0,,,1.0,,,,,,,,,1.0,,,,,,,,,1.0,,78500,Faktura VAT,PLN
20,Osoby prywatnej,Osobowe,Tak,,Aixam,Coupe,,,2016,65 000 km,400 cm3,Diesel,6 KM,Automatyczna,,,,,,,,Auta małe,3,,Fioletowy,,,,,,,,,,,,,,,Używane,,,,,,,,,,,,,,,,,,,,,,,,,,,,,,,,,,,,,,,,,,,,,,,,,,,,,,,,,,,,,,,,,,,,,,,,,,,,,,,,,,,,,,,,,,,,,,,,,,,,,,,,,,,,,,,,,,,,,,,,,,,,,,,,,,,,,,,,,,,,,,,,,,,,,,,,,,,,,,,,,,,,,,,,,,,,,,,,,,,,,,,,,29500,,PLN
21,Osoby prywatnej,Osobowe,Tak,,Aixam,A741,,,2005,50 761 km,400 cm3,Diesel,6 KM,Automatyczna,,,,,,,,Auta małe,3,,Niebieski,,,,,,,,,,,,,,,Używane,,,,,,,,,,,,,,,,,,,,,,,,,,,,,,,,,,,,,,,,,,,,,,,,,,,,,,,,,,,,,,,,,,,,,,,,,,,,,,,,,,,,,,,,,,,,,,,,,,,,,,,,,,,,,,,,,,,,,,,,,,,,,,,,,,,,,,,,,,,,,,,,,,,,,,,,,,,,,,,,,,,,,,,,,,,,,,,,,,,,,,,,,15000,,PLN
22,Firmy,Osobowe,Tak,,Aixam,City,,,2003,50 000 km,505 cm3,Diesel,5 KM,Automatyczna,,Na przednie koła,,,,,,Auta małe,3,2,Szary,,Metalik,,,,Tak,,,,,Tak,,,,Używane,,,,,,,,,,,,,,,,,,,,,,,,,,,,,,,,,,,,,,,,,,,,,,,,,,,,,,,,,,,,,,,,,,,,,,,,,,,,,,,,,,,,,,,,,,,,,,,,,,,,,,,,,,,,,,,,,,,,,,,,,,,,,,,,,,,,,,,,,1.0,,,,,,,,,,,,,,,,,,,,,,,,,,,,,,,,,,,,,,,,,,,,,,,,10600,Do negocjacji,PLN
23,Firmy,Osobowe,Tak,,Aixam,Coupe,,,2023,2 km,482 cm3,Diesel,8 KM,Automatyczna,,Na przednie koła,,,,,,Auta małe,2,2,Niebieski,,,,,,,,,,,,,,,Używane,,,,,,,,,,,,,,,,,,,,,,,,,,,,,,,,,,,,,,,,,,,,,,,,,,,,,,,,,,,,,,,,,,,,,,,,,,,,,,,,,,,,,,,,,,,,,,,,,,,,,,,,,,,,,,,,,,,,,,,,,,,,,,,,,,,,,,,,,,,,,,,,,,,,,,,,,,,,,,,,,,,,,,,,,,,,,,,,,,,,,,,,,78720,Możliwość odliczenia VAT,PLN
24,Osoby prywatnej,Osobowe,Tak,Tak,Aixam,City,,,2018,20 500 km,479 cm3,Diesel,6 KM,Automatyczna,,Na przednie koła,,,,,,Auta małe,3,2,Niebieski,,Metalik,,,,Tak,,,,,Tak,,,,Używane,,,,,,,,1.0,,,,,,,,,,,,,,,,,,,,,,,,,,,,,,,,,,,1.0,,,,,,,,,,,,,,,,,,1.0,,,,1.0,,,,,1.0,,,,,,,,,,,,,,,,,,1.0,,,,,,,,,,,,,,,,,,,,,,1.0,,,,,,,1.0,,,,,,,,,,,,,,,,,,1.0,,1.0,,,,,,,,,,,,,,,,,,1.0,,,,,1.0,,1.0,,,1.0,,,,,,,,,1.0,,,,,,,,,1.0,,34999,Do negocjacji,PLN
25,Firmy,Osobowe,Tak,,Aixam,Coupe,,,2021,27 552 km,479 cm3,Diesel,8 KM,Automatyczna,,Na przednie koła,,,,,,Auta małe,3,2,Inny kolor,,,,,,Tak,,,,,,,,,Używane,,,,,,,,,,,,,,,,,,,,,,,,,,,,,,,,,,,,,,,,,,,,,,,,,,,,,,,,,,,,,,,,,1.0,,,,,1.0,1.0,,,,,,,,,,,,,,,,,1.0,,,,,,,,,,,,1.0,,,,,,,,,,,,,,,,,,,,,,,,,,,,,,,,,,,,,1.0,,,,,,,,,,,,,,,,,,,,,,,1.0,,,,,,,,,,,,,,,,,,,,,,,,,57900,,PLN
26,Firmy,Osobowe,Tak,,Aixam,City,,,2012,41 570 km,400 cm3,Diesel,5 KM,Automatyczna,,Na przednie koła,,,,,,Auta małe,3,,Inny kolor,,,,,,Tak,,,,,,,,,Używane,,,,,,,,,,,,,,,,,,,,,,,,,,,,,,,,,,,,,,,,,,,,,,,,,,,,,,,,,,,,,1.0,,,,,,,,,,,,,,,,,,,,,,,,,,,1.0,,,,,,,,,,,,,,,,,,,,,,,,,,,,,,,,,,,,,,,,,,,,,,,,,1.0,,,,,,,,,,,,,,,,,,,,,,,,,,,,,,,,,,,,,,,,,,,,,,,,24900,,PLN
27,Firmy,Osobowe,Tak,,Aixam,Crossover,,,2022,1 577 km,479 cm3,Diesel,8 KM,Automatyczna,,Na przednie koła,,,,,,Auta małe,3,2,Niebieski,,,,,,Tak,,,,,,,,,Używane,,,,,,,,,,,,,,,1.0,,,,,,,,,,,,,,,,,,,,,,,,,,,,,,,,,,,,,,,,,,,,,,1.0,,,,1.0,,,,,,,,,,,,,,,,,,,,,,,,,,,,,,,,,,,1.0,,,,,,,,,,,,,,,,,,,,,,,,,,,,,,,,,,,,,1.0,,,,,,,,,,,,,,,,,,,,,,,1.0,,,,,,,,,,,,,,,,,,,,,,,,,58500,,PLN
28,Firmy,Osobowe,Tak,,Aixam,City,,,2019,7 960 km,479 cm3,Diesel,8 KM,Automatyczna,,Na przednie koła,,,,,,Auta małe,3,2,Biały,,,,,,Tak,,,,,,,,,Używane,,,,,,,,,,,,,,,,,,,,,,,,,,,,,,,,,,,,,,,,,,,,,,,,,,,,,,,,,,,,,1.0,,,,1.0,,,,,,,,,,,,,,,,,,,,,,,1.0,,,,,,,,,,,,1.0,,,,,,,,,,,,,,,,,,,,,,,,,,,,,,,,,,,,,1.0,,,,,,,,,,,,,,,,,,,,,,,,,,,,,,,,,,,,,,,,,,,,,,,,44500,,PLN
29,Firmy,Osobowe,Tak,,Aixam,Crossover,,,2014,29 029 km,400 cm3,Diesel,4 KM,Automatyczna,,Na przednie koła,,,,,,Auta małe,3,2,Szary,,Perłowy,,,,Tak,,,Tak,,Tak,,Tak,,Używane,1.0,,,,,,,1.0,,,,,,,,,,,,,,,,,,,,,,,,,,,,,,,,,,,,,,,,,,,,,,,,,,,,,,,,,,,,,,,,,,,,,,,,,,,,,,,,1.0,,,,,,,,,,,,1.0,,,,,,,,,,,,,,,,,,,,,,,,,,,,,,,,,,,,,1.0,,,,,,,,,,,,,,,,,,1.0,,,,,1.0,,,,,1.0,,,,,,,,,,,,,,,,,,,,28800,Do negocjacji,PLN
30,Firmy,Osobowe,Tak,,Aixam,Inny,,,2012,19 000 km,523 cm3,Diesel,5 KM,Automatyczna,,,,,,,,Auta małe,3,2,Srebrny,,Metalik,,,,,,,,,,,Tak,,Używane,,,,,,,,,,,,,,,,,,,,,,,,,,,,,,,,,,,,,,,,,,,,,,,,,,,,,,,,,,,,,,,,,,,,,,,,,,,,,,,,,,,,,,,,,,,,,,,,,,,,,,,,,,,,,,,,,,,,,,,,,,,,,,,,,,,,,,,,,,,,,,,,,,,,,,,,,,,,,,,,,,,,,,,,,,,,,,,,,,,,,,,,,22900,Do negocjacji,PLN
31,Osoby prywatnej,Osobowe,Tak,Tak,Aixam,City,,,2018,4 000 km,,Elektryczny,4 KM,Automatyczna,50 km,Na tylne koła,,W cenie,,,,Auta małe,2,2,Biały,,Metalik,,Polska,,Tak,,,,,Tak,,Tak,,Używane,,,,,,,,1.0,,,,,,,,,,,,,,,,,,,,,,,,,,,,,,,,,,,,,,,,,,,,,,,,,,,,,1.0,,,,,,1.0,,,1.0,,,,,,,,,,,,,1.0,,,,,,,,,,,,,1.0,,,,,,,,,,,,,,1.0,,,,,,,1.0,,,,,,,,,,,,,,,,,,1.0,,1.0,,,,,,,,,,,,,,,,,,1.0,,,,,1.0,,1.0,,,,,,,,,,,,1.0,,,,,,,,,,,19200,Do negocjacji,PLN
32,Osoby prywatnej,Osobowe,Tak,Tak,Aixam,City,,,2015,41 200 km,400 cm3,Diesel,4 KM,Automatyczna,,Na przednie koła,,,,,,Auta małe,3,2,Szary,,Metalik,,,,Tak,,,,,Tak,,,,Używane,,,,,,,,1.0,,,,,,,,,,,,,,,,,,,,,,,,,,,,,,,,,,,,,,,,,,,,,,,,,,,,,,,,,,,,,,,,,,,,,,,,,,,,,,,,,,,,,,,,,,,,,,,,,,,,,,,,,,,,,,,,,,,,,,,,,,,,,,,,,1.0,,,,,,,,,,,,,,,,,,1.0,,,,,,,,,,,,,,,,,,,1.0,,,,,,,,,,,24999,Do negocjacji,PLN
33,Firmy,Osobowe,Tak,,Aixam,Crossline,,,2012,66 579 km,523 cm3,Diesel,5 KM,Automatyczna,,Na przednie koła,,,,,,Auta małe,3,2,Niebieski,,,,Francja,,,,,,,Tak,,,,Używane,,,,,,,,1.0,,,,,,,,,,,,,,,,,,,,,,,,,,,,,,,,,,,,,,,,,,,,,,,,,,,,,,,,,,,,,,,,,,,,,,,,,,,,,,,,1.0,,,,,,,,,,,,,,,,,,,,,,,,,,,,,,,,,,,,,,,,,,,,,,,,,1.0,,,,,,,,,,,,,,,,,,,,,,,,,,,,,,,,,,,,,,,,,,,,,,,,24900,Do negocjacji,PLN
34,Firmy,Osobowe,Tak,,Aixam,City,,,2008,48 000 km,505 cm3,Diesel,5 KM,Automatyczna,,Na przednie koła,,,,,,Auta małe,3,2,Czerwony,,Metalik,,,,Tak,,,,,Tak,,Tak,Tak,Używane,,,,,,,,,,,,,,,,,,,,,,,,,,,,,,,,,,,,,,,,,,,,,,,,,,,,,,,,,,,,,,,,,,,,,,,,,,,,,,,,,,,,,,,,,,,,,,,,,,,,,,,,,,,,,,,,,,,,,,,,,,,,,,,,,,,,,,,,,,,,,,,,,,,,,,,,,,,,,,,,,,,,,,,,,,,,,,,,,,,,,,,,,13600,Do negocjacji,PLN
35,Firmy,Osobowe,Tak,,Aixam,Coupe,,,2019,25 880 km,480 cm3,Diesel,8 KM,Automatyczna,,Na przednie koła,,,,,,Coupe,3,2,Czerwony,,Metalik,,Francja,Tak,Tak,,,Tak,,,,,,Używane,,,,,,,,,,,,,,,,,,,,,,,,,,,,,,,,,,,,,,,,,,,,,,,,,,,,,,,,,,,,,,,,,,,,,,,,,,,,,,,,,,,,,,,,,,,,,,,,,,,,,,,,,,,,,,,,,,,,,,,,,,,,,,,,,,,,,,,,,,,,,,,,,,,,,,,,,,,,,,,,,,,,,,,,,,,,,,,,,,,,,,,,,44900,,PLN
36,Firmy,Osobowe,Tak,,Aixam,Crossline,,,2018,40 148 km,480 cm3,Diesel,6 KM,Automatyczna,,Na przednie koła,,,,,,Auta małe,2,2,Czerwony,,Metalik,,,,Tak,,,,,,,,,Używane,,,,,,,,1.0,,,,,,,,,,,,,,,,,,,,,,,,,,,,,,,,,,,,,,,,,,,,,,,,,,,,,1.0,,,,,,,,,,,,,,,,,,,,,,,,,,,,,,,,,,,,,,,,,,,,,,,,,,,,,,,,,,,,,,,,,,,,,,,,,,,,1.0,,,,,,,,,,,,,,,,,,,,,,,,,,,,,,,,,,,,,,,,,,,,,,,,35900,,PLN
37,Osoby prywatnej,Osobowe,Tak,Tak,Aixam,Crossline,,,2017,31 000 km,479 cm3,Diesel,10 KM,Automatyczna,,Na przednie koła,,,,,,Auta małe,2,2,Czerwony,,Matowy,,,,,,,,,Tak,,,,Używane,,,,,,,,1.0,,,,,,,,,,,,,,,,,,,,,,,,,,,,,,,,,,,,,,,,,,,,,,,,,,,,,,,,,,,,,,,,,,,1.0,,,,,,,,,,,,,1.0,,,,,,,,,,,,,,,,,,,,,,,,,,1.0,,,,,,,,,,,,,,,,,,,,,,,1.0,,,,,,,1.0,,,,,,,,,,,1.0,,,,,1.0,,1.0,,,,,,,,,,,,,,,,,,,,,,,31500,Do negocjacji,PLN
38,Osoby prywatnej,Osobowe,Tak,Tak,Aixam,Crossover,,,2019,13 700 km,479 cm3,Diesel,8 KM,Automatyczna,,Na przednie koła,,,,,,Auta małe,3,2,Niebieski,,Metalik,,Francja,,,,,,,Tak,,Tak,,Używane,,,,,,,,1.0,,,,,,,,,,,,,,,,,,,,,,,,,,,,,,,,,,,1.0,,,,,,,,,,,,,,,,,,1.0,,,,1.0,,,,,1.0,,,,,,,,,,,,,,,,,,1.0,,,,,,,,,,,,,,,,,,,,,,,,,,,,,,,,,,,,,,,,,,,,,,,1.0,,1.0,,,,,,,,,,,,,,,,,,1.0,,,,,,,,,,,,,,,,,,,,,,,,,,,,,,42500,Do negocjacji,PLN
39,Osoby prywatnej,Osobowe,Tak,,Aixam,City,,,2020,6 400 km,,Elektryczny,8 KM,Automatyczna,100 km,Na przednie koła,6 kWh,W cenie,,,,Auta małe,3,,Biały,,,,,,,,,,,,,,,Używane,1.0,,,,,,,,,,,,,,1.0,,,,,,,,,,,,,,,,,,,,,,,,,,,,,,,,,,,,,,,,,,,,,,1.0,,,,1.0,,,,,,,,,,,,,,,,,,,,,,,,,,,,,,,,,,,,,,,,,,,,,,,,,,,,,,,,,,,,,,,,,,,,,,,,1.0,,,,,,,,,,,,,,,,1.0,1.0,1.0,,,,,,,1.0,,,,,,,,,,,,,,,,,,,,,,,34000,,PLN
40,Firmy,Osobowe,Tak,,Aixam,City,,,2009,48 000 km,505 cm3,Diesel,5 KM,Automatyczna,,Na przednie koła,,,,,,Auta małe,3,2,Biały,,Metalik,,,,Tak,,,,,Tak,,Tak,Tak,Używane,,,,,,,,,,,,,,,,,,,,,,,,,,,,,,,,,,,,,,,,,,,,,,,,,,,,,,,,,,,,,,,,,,,,,,,,,,,,,,,,,,,,,,,,,,,,,,,,,,,,,,,,,,,,,,,,,,,,,,,,,,,,,,,,,,,,,,,,,1.0,,,,,,,,,,,,,,,,,,,,,,,,,,,,,,,,,,,,,,,,,,,,,,,,14500,Do negocjacji,PLN
41,Firmy,Osobowe,Tak,,Aixam,A741,,,2005,38 200 km,400 cm3,Diesel,5 KM,Automatyczna,,Na przednie koła,,,,,,Auta małe,3,2,Szary,,Metalik,,,,Tak,,,Tak,,Tak,,Tak,,Używane,,,,,,,,1.0,,,,,,,,,,,,,,,,,,,,,,,,,,,,,,,,,,,,,,,,,,,,,,,,,,,,,,,,,,,,,,,,,,,,,,,,,,,,,,,,,,,,,,,,,,,,,,,,,,,,,,,,,,,,,,,,,,,,,,,,,,,,,,,1.0,,1.0,,,,,,,,,,,,,,,,,,,,,,,,,,,,,,,,,,,,,,,,,,,,,,,,16700,Do negocjacji,PLN
42,Firmy,Osobowe,,,Aixam,City,,,2023,1 km,479 cm3,Diesel,8 KM,Automatyczna,,,,,,,,Auta małe,3,2,Czerwony,,Metalik,,,,Tak,,,Tak,,,,Tak,,Nowe,,,,,,,,1.0,,,,,,,,,,,,,,,,,,,,,,,,,,,,,,,,,,,,,,,,,,,,,,,,,,,,,,,,,,,,,,,,,,,,,,,,,,,,,,,,,,,,,,,,,,,,,,,,,,,,,,,,,,,,,,,,,,,,,,,,,,,,,,,,,1.0,,,,,,,,,,,,,,,,,,,,,,,,,,,,,,,,,,,,,,,,,,,,,,,,12870,Do negocjacji,EUR
43,Firmy,Osobowe,Tak,,Aixam,City,,,2022,10 926 km,482 cm3,Diesel,8 KM,Automatyczna,,Na przednie koła,,,,,,Auta małe,2,2,Czerwony,,,,,,Tak,,,,,,,,,Używane,,,,,,,,,,,,,,,,,,,,,,,,,,,,,,,,,,,,,,,,,,,,,,,,,,,,,,,,,,,,,,,,,,,,,,,,,,,,,,,,,,,,,,,,,,,,,,,,,,,,,,,,,,,,,,,,,,,,,,,,,,,,,,,,,,,,,,,,,,,,,,,,,,,,,,,,,,,,,,,,,,,,,,,,,,,,,,,,,,,,,,,,,45000,,PLN
44,Osoby prywatnej,Osobowe,Tak,,Aixam,Inny,,,2018,52 482 km,479 cm3,Diesel,6 KM,Automatyczna,,,,,,,,Auta małe,3,2,Czerwony,,,,,,Tak,,,,,,,,,Używane,,,,,,,,,,,,,,,,,,,,,,,,,,,,,,,,,,,,,,,,,,,,,,,,,,,,,,,,,,,,,,,,,,,,,,,,,,,,,,,,,,,,,,,,,,,,,,,,,,,,,,,,,,,,,,,,,,,,,,,,,,,,,,,,,,,,,,,,,,,,,,,,,,,,,,,,,,,,,,,,,,,,,,,,,,,,,,,,,,,,,,,,,30500,,PLN
45,Osoby prywatnej,Osobowe,Tak,,Aixam,A751,,,2006,75 500 km,505 cm3,Benzyna,21 KM,Automatyczna,,,,,,,,Auta małe,3,4,Niebieski,,,,,,,,,,,,,,,Używane,,,,,,,,,,,,,,,,,,,,,,,,,,,,,,,,,,,,,,,,,,,,,,,,,,,,,,,,,,,,,,,,,,,,,,,,,,,,,,,,,,,,,,,,,,,,,,,,,,,,,,,,,,,,,,,,,,,,,,,,,,,,,,,,,,,,,,,,,,,,,,,,,,,,,,,,,,,,,,,,,,,,,,,,,,,,,,,,,,,,,,,,,19999,,PLN
46,Firmy,Osobowe,,,Aixam,Crossover,,,2023,1 km,479 cm3,Diesel,8 KM,Automatyczna,,Na przednie koła,,,,,,Auta małe,3,2,Inny kolor,,,,,,Tak,Tak,,Tak,,,,Tak,,Nowe,,,,,,,,,,,,,,,,,,,,,,,,,,,,,,,,,,,,,,,,,,,1.0,,,,,,,,,,,,,,,,,,,,,,1.0,,,,,1.0,,,,,,,,,,,,,,,,,,,,,,,,,,,,,,,,,,,,,,,,,,,,,,,,,,,,,,,,,,,,,,,,,,,,,,,,,,,,,,,,,,,,,,,,,,,,,,,,,,,,,,,,,,,,,,,,,,,16434,"Do negocjacji, Faktura VAT",EUR
47,Osoby prywatnej,Osobowe,Tak,,Aixam,Coupe,,,2014,73 748 km,400 cm3,Diesel,4 KM,Automatyczna,,,,,,,,Auta małe,2,,Czerwony,,Metalik,,,,Tak,,,,,,,,,Używane,,,,,,,,,,,,,,,,,,,,,,,,,,,,,,,,,,,,,,,,,,,,,,,,,,,,,,,,,,,,,,,,,,,,,,,,,,,,,,,,,,,,,,,,,,,,,,,,,,,,,,,,,,,,,,,,,,,,,,,,,,,,,,,,,,,,,,,,,,,,,,,,,,,,,,,,,,,,,,,,,,,,,,,,,,,,,,,,,,,,,,,,,29700,,PLN
48,Osoby prywatnej,Osobowe,Tak,Tak,Aixam,Crossline,,,2009,46 486 km,523 cm3,Diesel,4 KM,Automatyczna,,,,,,,,Auta małe,2,,Niebieski,,,,,,Tak,,,,,,,,,Używane,,,,,,,,,,,,,,,,,,,,,,,,,,,,,,,,,,,,,,,,,,,,,,,,,,,,,,,,,,,,,,,,,,,,,,,,,,,,,,,,,,,,,,,,,,,,,,,,,,,,,,,,,,,,,,,,,,,,,,,,,,,,,,,,,,,,,,,,,,,,,,,,,,,,,,,,,,,,,,,,,,,,,,,,,,,,,,,,,,,,,,,,,21000,,PLN
49,Osoby prywatnej,Osobowe,Tak,,Aixam,Inny,,,2010,25 000 km,505 cm3,Diesel,4 KM,Automatyczna,,,,,,,,Auta małe,2,2,Biały,,,,,,,,,,,,,,,Używane,,,,,,,,,,,,,,,,,,,,,,,,,,,,,,,,,,,,,,,,,,,,,,,,,,,,,,,,,,,,,,,,,,,,,,,,,,,,,,,,,,,,,,,,,,,,,,,,,,,,,,,,,,,,,,,,,,,,,,,,,,,,,,,,,,,,,,,,,,,,,,,,,,,,,,,,,,,,,,,,,,,,,,,,,,,,,,,,,,,,,,,,,15500,,PLN
50,Osoby prywatnej,Osobowe,Tak,,Aixam,Inny,,,2005,50 000 km,400 cm3,Diesel,4 KM,Manualna,,,,,,,,Auta małe,3,2,Biały,,,,,,,,,,,,,,,Używane,,,,,,,,,,,,,,,,,,,,,,,,,,,,,,,,,,,,,,,,,,,,,,,,,,,,,,,,,,,,,,,,,,,,,,,,,,,,,,,,,,,,,,,,,,,,,,,,,,,,,,,,,,,,,,,,,,,,,,,,,,,,,,,,,,,,,,,,,,,,,,,,,,,,,,,,,,,,,,,,,,,,,,,,,,,,,,,,,,,,,,,,,8800,,PLN
51,Osoby prywatnej,Osobowe,Tak,,Aixam,Coupe,,,2014,80 000 km,500 cm3,Diesel,6 KM,Manualna,,,,,,,,Auta małe,3,,Czerwony,,,,,,Tak,,,,,,,,,Używane,,,,,,,,,,,,,,,,,,,,,,,,,,,,,,,,,,,,,,,,,,,,,,,,,,,,,,,,,,,,,,,,,,,,,,,,,,,,,,,,,,,,,,,,,,,,,,,,,,,,,,,,,,,,,,,,,,,,,,,,,,,,,,,,,,,,,,,,,,,,,,,,,,,,,,,,,,,,,,,,,,,,,,,,,,,,,,,,,,,,,,,,,19800,Do negocjacji,PLN
52,Firmy,Osobowe,Tak,Tak,Aixam,Crossline,,,2011,76 100 km,400 cm3,Diesel,5 KM,Automatyczna,,Na przednie koła,,,,,,Auta małe,2,2,Szary,,Metalik,,Austria,,Tak,,,Tak,,,,Tak,Tak,Używane,,,,,,,,1.0,,,,,,,,,,,,,,,,,,,,,,,,,,,,,,,,,,,,,,,,,,,,,,,,,,,,,,,,,,,,,,,,,,,,,,,,,,,,,,,,1.0,,,,,,,,,,,,1.0,,,,,,,,,,,,,,1.0,,,,,,,,,,,,,,,,,,,,,1.0,,1.0,,,,,,,,,,,,,,,,,,,,,,,1.0,,1.0,,,,,,,,,,,,,,,,,1.0,,,,,,19500,Do negocjacji,PLN
53,Firmy,Osobowe,Tak,,Aixam,Crossover,,,2014,46 300 km,400 cm3,Diesel,5 KM,Automatyczna,,,,,,,,Auta małe,3,2,Szary,,Metalik,,,,,,,,,,,,,Używane,,,,,,,,,,,,,,,,,,,,,,,,,,,,,,,,,,,,,,,,,,,,,,,,,,,,,,,,,,,,,,,,,,,,,,,,,,,,,,,,,,,,,,,,,,,,,,,,,,,,,,,,,,,,,,,,,,,,,,,,,,,,,,,,,,,,,,,,,,,,,,,,,,,,,,,,,,,,,,,,,,,,,,,,,,,,,,,,,,,,,,,,,27900,Do negocjacji,PLN
54,Osoby prywatnej,Osobowe,Tak,,Aixam,Coupe,,,2014,65 312 km,400 cm3,Diesel,5 KM,Automatyczna,,,,,,,,Auta małe,3,2,Srebrny,,,,,,,,,,,Tak,,,,Używane,,,,,,,,1.0,,,,,,,,,,,,,,,,,,,,,,,,,,,,,,,,,,,1.0,,,,,,,,,,,,,,,,,,1.0,,,,1.0,,,,,,,,,,,,,,,,,,,,,,,,,,,,,,,,,,,1.0,,,,,,,,,,,,,,,,,,,1.0,,,,,,,,,,,,,,,,1.0,,1.0,,,,,,,,,,,,,,,,,,1.0,,,,,,,1.0,,,1.0,,,,,,,,,1.0,,,,,,,,1.0,1.0,,25500,Do negocjacji,PLN
55,Osoby prywatnej,Osobowe,Tak,,Aixam,A721,,,2005,11 000 km,400 cm3,Diesel,5 KM,Automatyczna,,,,,,,,Auta małe,3,,Szary,,,,,,,,,,,,,,,Używane,,,,,,,,,,,,,,,,,,,,,,,,,,,,,,,,,,,,,,,,,,,,,,,,,,,,,,,,,,,,,,,,,,,,,,,,,,,,,,,,,,,,,,,,,,,,,,,,,,,,,,,,,,,,,,,,,,,,,,,,,,,,,,,,,,,,,,,,,,,,,,,,,,,,,,,,,,,,,,,,,,,,,,,,,,,,,,,,,,,,,,,,,14700,,PLN
56,Firmy,Osobowe,Tak,Tak,Aixam,City,,,2021,42 113 km,480 cm3,Diesel,8 KM,Automatyczna,,Na przednie koła,,,,,,Auta małe,3,2,Biały,,,,,,Tak,,,,,Tak,,Tak,Tak,Używane,,,,,,,,1.0,,,,,,,,,,,,,,,,,,,,,,,,,,,,,,,,,,,,,,,,,,,,,,,,,,,,,,,,,,,,,,,,,,,,,,,,,,,,,,,,,,,,,,,,,,,,,,,,,,,,,,,,,,,,,,,,,,,,,,,,,,,,,,,,,1.0,,,,,,,,,,,,,,,,,,,,,,,,,,,,,,,,,,,,,,,,,,,,,,,,34900,Do negocjacji,PLN
57,Firmy,Osobowe,Tak,Tak,Aixam,City,,,2013,85 000 km,400 cm3,Diesel,5 KM,Automatyczna,,Na przednie koła,,,,,,Auta małe,3,2,Biały,,Perłowy,,,,Tak,,,,,Tak,,,,Używane,,,,,,,,1.0,,,,,,,,,,,,,,,,,,,,,,,,,,,,,,,,,,,,,,,,,,,,,,,,,,,,,,,,,,,,,,,,,,,,,,,,,,,,,,,,,,,,,,,,,,,,1.0,,,,,,,,,,,,,,,,,,,,,,,,,,,,,,,,,,,1.0,,1.0,,,,,,,,,,,,,,,,,,,,,,,,,1.0,,,,,,,,,,,,,,,,,,,,,,,22900,,PLN
58,Firmy,Osobowe,Tak,,Aixam,GTO,,,2021,8 260 km,480 cm3,Diesel,8 KM,Automatyczna,,Na przednie koła,,,,,,Auta małe,3,2,Szary,,Matowy,,,,Tak,,,,,,,,,Używane,,,,,,,,1.0,,,,,,,,,,,,,,,,,,,,,,,,,,,,,,,,,,,,,,,,,,,,,,,,,,,,,1.0,,,,,,,,,,,,,,,,,,,,,,,,,,,,,,,,,,,,,,,1.0,,,,,,,,,,,,,,,,,,,,,,,,,,,,,,,,,,,1.0,,1.0,,,,,,,,,,,,,,,,,,,,,,,,,1.0,,,1.0,,,,,,,,,,,,,,,,,,,,61600,,PLN
59,Osoby prywatnej,Osobowe,Tak,,Aixam,Inny,,,1999,31 000 km,400 cm3,Diesel,5 KM,Automatyczna,,,,,,,,Auta małe,3,,Inny kolor,,,,,,,,,,,,,,,Używane,,,,,,,,,,,,,,,,,,,,,,,,,,,,,,,,,,,,,,,,,,,,,,,,,,,,,,,,,,,,,,,,,,,,,,,,,,,,,,,,,,,,,,,,,,,,,,,,,,,,,,,,,,,,,,,,,,,,,,,,,,,,,,,,,,,,,,,,,,,,,,,,,,,,,,,,,,,,,,,,,,,,,,,,,,,,,,,,,,,,,,,,,8900,,PLN
60,Osoby prywatnej,Osobowe,Tak,Tak,Aixam,City,,,2012,69 141 km,400 cm3,Diesel,5 KM,Automatyczna,,,,,,,,Auta miejskie,2,2,Granatowy,,,,,,,,,,,Tak,,Tak,,Używane,,,,,,,,,,,,,,,,,,,,,,,,,,,,,,,,,,,,,,,,,,,,,,,,,,,,,,,,,,,,,,,,,,,,,,,,,,,,,,,,,,,,,,,,1.0,,,,,,,,,,,,,,,,,,,,,,,,,,,,,,,,,,,,,,,,,,,,,,,,,1.0,,,,,,,,,,,,,,,,,,,,,,,,,,,,,,,,,,,,,,,,,,,,,,,,24000,Do negocjacji,PLN
61,Osoby prywatnej,Osobowe,Tak,,Aixam,Crossline,,,2020,21 000 km,675 cm3,Diesel,8 KM,Automatyczna,,Na przednie koła,,,,,,Auta małe,3,2,Szary,,Metalik,,Francja,,,,,,,,,,,Używane,,,,,,,,,,,,,,,,,,,,,,,,,,,,,,,,,,,,,,,,,,,,,,,,,,,,,,,,,,,,,,,,,,,,,,,,,,,,,,,,,,,,,,,,,,,,,,,,,,,,,,,,,,,,,,,,,,,,,,,,,,,,,,,,,,,,,,,,,,,,,,,,,,,,,,,,,,,,,,,,,,,,,,,,,,,,,,,,,,,,,,,,,32500,Do negocjacji,PLN
62,Firmy,Osobowe,Tak,,Aixam,Crossline,,,2022,6 200 km,479 cm3,Diesel,8 KM,Automatyczna,,Na przednie koła,,,,,,Auta małe,2,,Biały,,Metalik,,Francja,,Tak,,,,,,,,,Używane,,,,,,,,,,,,,,,,,,,,,,,,,,,,,,,,,,,,,,,,,,,,,,,,,,,,,,,,,,,,,,,,,,,,,,,,,,,,,,,,,,,,,,,,,,,,,,,,,,,,,,,,,,,,,,,,,,,,,,,,,,,,,,,,,,,,,,,,,,,,,,,,,,,,,,,,,,,,,,,,,,,,,,,,,,,,,,,,,,,,,,,,,15000,,PLN
63,Firmy,Osobowe,,,Aixam,City,,,2023,,479 cm3,Diesel,8 KM,Automatyczna,,,,,,,,Auta małe,3,2,Inny kolor,,,,,,Tak,Tak,,,,,,Tak,,Nowe,,,,,,,,,,,,,,,,,,,,,,,,,,,,,,,,,,,,,,,,,,,,,,,,,,,,,,,,,,,,,,,,,,,,,,,,,,,,,,,,,,,,,,,,,,,,,,,,,,,,,,,,,,,,,,,,,,,,,,,,,,,,,,,,,,,,,,,,,,,,,,,,,,,,,,,,,,,,,,,,,,,,,,,,,,,,,,,,,,,,,,,,,14460,"Do negocjacji, Faktura VAT",EUR
64,Firmy,Osobowe,,,Aixam,Inny,,,2023,1 km,479 cm3,Diesel,8 KM,Automatyczna,,Na przednie koła,,,,,,Auta małe,3,2,Inny kolor,,,,,,Tak,Tak,,,,,,Tak,,Nowe,,,,,,,,,,,,,,,,,,,,,,,,,,,,,,,,,,,,,,,,,,,,,,,,,,,,,,,,,,,,,,,,,,,,,,,,,,,,,,,,,,,,,,,,,,,,,,,,,,,,,,,,,,,,,,,,,,,,,,,,,,,,,,,,,,,,,,,,,,,,,,,,,,,,,,,,,,,,,,,,,,,,,,,,,,,,,,,,,,,,,,,,,14460,"Do negocjacji, Faktura VAT",EUR
65,Firmy,Osobowe,,,Aixam,City,,,2023,2 km,479 cm3,Diesel,8 KM,Automatyczna,,,,,,,,Auta małe,2,2,Czerwony,,Perłowy,,,,,Tak,,,,,,Tak,Tak,Nowe,,,,,,,,1.0,,,,,,,,,,,,,,,,,,,,,,,,,,,,,,,,,,,,,,,,,,,,,,,,,,,,,1.0,,,,1.0,,,,,,,,,,,,,,,,,,,,,,,,,,,,,,,,,,,,,,,,,,,,,,,,,,,,,,,,,,,,,,,,,,,,,,1.0,,1.0,,,,,,,,,,,,,,,,,,,,,,,1.0,,1.0,,,,,,,,,,,,,,,,,,,,,1.0,,59000,Faktura VAT,PLN
66,Firmy,Osobowe,Tak,,Aixam,Crossline,,,2011,51 339 km,599 cm3,Diesel,21 KM,Automatyczna,,,,,,,,Auta małe,3,,Srebrny,,,,,,Tak,,,Tak,,,,,,Używane,,,,,,,,,,,,,,,,,,,,,,,,,,,,,,,,,,,,,,,,,,,,,,,,,,,,,,,,,,,,,,,,,,,,,,,,,,,,,,,,,,,,,,,,,,,,,,,,,,,,,,,,,,,,,,,,,,,,,,,,,,,,,,,,,,,,,,,,,,,,,,,,,,,,,,,,,,,,,,,,,,,,,,,,,,,,,,,,,,,,,,,,,34900,Do negocjacji,PLN
67,Osoby prywatnej,Osobowe,Tak,,Aixam,Inny,,,2003,51 000 km,500 cm3,Diesel,4 KM,Automatyczna,,Na przednie koła,,,,,,Auta małe,3,,Niebieski,,,,Francja,,Tak,,,,,,,,Tak,Używane,1.0,,,,,,,1.0,,,,,,,,,,,,,,,,,,,,,,,,,,,,,,,,,,,,,,,,,,,,,,,,,,,,,,,,,,,,,,,,,,,,,,,,,,,,,,,,,,,,,,,,,,,,,,,,,,,,,,,,,,,,,,,,,,,,,,,,,,,,,,,,,,,,,,,,,,,,,,,,,,,,,,,,1.0,,,,,,,,,,,,,,,,,,,,,,,,,6900,,PLN
68,Firmy,Osobowe,,,Aixam,Crossline,,,2023,1 km,497 cm3,Diesel,8 KM,Automatyczna,,Na przednie koła,,,,,,Auta małe,3,2,Granatowy,,,,,,Tak,Tak,,,,,,Tak,,Nowe,,,,,,,,,,,,,,,,,,,,,,,,,,,,,,,,,,,,,,,,,,,,,,,,,,,,,,,,,,,,,,,,,,,,,,,,,,,,,,,,,,,1.0,,,,,,,,,,,,,,,,,,,,,,,,,,,,,,,,,,,,,,,,,,,,,,,,,,,,,,1.0,,,,,,,,,,,,,,,,,,,,,,,,,,,,,,,,,,,,,1.0,,,,,,,,,,,16597,"Do negocjacji, Faktura VAT",EUR
69,Firmy,Osobowe,,,Aixam,City,,,2023,1 km,479 cm3,Diesel,8 KM,Automatyczna,,,,,,,,Auta małe,3,2,Granatowy,,Metalik,,,,Tak,,,Tak,,,,Tak,,Nowe,,,,,,,,1.0,,,,,,,,,,,,,,,,,,,,,,,,,,,,,,,,,,,,,,,,,,,,,,,,,,,,,,,,,,,,,,,,,,,,,,,,,,,,,,,,,,,,,,,,,,,,,,,,,,,,,,,,,,,,,,,,,,,,,,,,,,,,,,,,,1.0,,,,,,,,,,,,,,,,,,,,,,,,,,,,,,,,,,,,,,,,,,,,,,,,12530,Do negocjacji,EUR
70,Osoby prywatnej,Osobowe,Tak,Tak,Aixam,A741,,,2005,69 753 km,400 cm3,Diesel,4 KM,Automatyczna,,Na przednie koła,,,,,,Auta małe,3,2,Srebrny,,Metalik,,Francja,,,,,,,Tak,,,,Używane,,,,,,,,1.0,,,,,,,,,,,,,,,,,,,,,,,,,,,,,,,,,,,,,,,,,,,,,,,,,,,,,,,,,,,,,,,,,,,,,,,,,,,,,,,,,,,,,,,,,,,,,,,,,,,,,,,,,,,,,,,,,,,,,,,,,,,,,,,,,1.0,,,,,,,,,,,,,,,,,,,,,,,,,,,,,,,,,,,,,,,,,,,,,,,,15300,,PLN
71,Osoby prywatnej,Osobowe,Tak,Tak,Aixam,Crossover,,,2014,64 000 km,500 cm3,Benzyna,20 KM,Automatyczna,,Na przednie koła,,,,,,Auta małe,3,4,Biały,,Perłowy,,Polska,,,,,,,,,Tak,,Używane,1.0,,,,,,,1.0,,,,,,,1.0,,,,,,,,,,,,,,,,,,,,,,,,,,,,1.0,,,,,,,,,,,,,,,,,,1.0,,,,1.0,,,,,,,,,,,,,,,,,,,,,,,,,,,,,,,,,,,1.0,,,,,,,,,,,,,,,,,,,1.0,,,,,,,,,,,,,,,,1.0,,1.0,,,,,,,,,,,,,,,,,,1.0,,,,,1.0,,1.0,,,,,,,,,,,,1.0,,,,,,,,,1.0,,29900,Do negocjacji,PLN
72,Firmy,Osobowe,Tak,,Aixam,GTO,,,2012,64 000 km,500 cm3,Diesel,4 KM,Automatyczna,,Na przednie koła,,,,,,Auta małe,2,2,Biały,,,,Polska,Tak,,Tak,,,,Tak,,Tak,,Używane,1.0,,,,,,,1.0,,,,,,,1.0,,,,,,,,,,,,,,,,,,,,,,,,,,,,,,,,,,,,,,,,,,,,,,,,,,,,,,,,,,,,,,,,,,,,1.0,,,,,1.0,,,,,,,,,,,,1.0,,,,,,,,,,,,,,,,,,,,,,,,,,,,,,,,,,,1.0,,,,,,,,,,,,,,,,,,,,,,,,,,,,,,1.0,,,,,,,,,,,,,,,,,,,,29000,Faktura VAT,PLN
73,Firmy,Osobowe,Tak,,Aixam,City,,,2022,4 000 km,479 cm3,Diesel,8 KM,Automatyczna,,Na przednie koła,,,,,,Auta małe,3,2,Niebieski,,Metalik,,,,Tak,,,Tak,,,,,,Używane,1.0,,,,,,,,,,,,,,,,,,,,,,,,,,,,,,,,,,,,,,,,,,1.0,,,,,,,,,,,,,,,,,,,,,,1.0,,,,,1.0,,,,,,,,,,,,,,,,,,,,,,,,,,,,,,,,,,,,,,,,,,,,,,,,,,,,,,,,,,,,,,,,,,,,,,,,,,,,,,,,,,,,,1.0,,,,,,,,,,1.0,,,,,,,,,,,,,,,,,,,,39900,,PLN
74,Osoby prywatnej,Osobowe,Tak,,Aixam,City,,,2010,70 000 km,495 cm3,Diesel,5 KM,Automatyczna,,,,,,,,Auta małe,3,,Inny kolor,,,,,,,,,,,,,,,Używane,,,,,,,,,,,,,,,,,,,,,,,,,,,,,,,,,,,,,,,,,,,,,,,,,,,,,,,,,,,,,,,,,,,,,,,,,,,,,,,,,,,,,,,,,,,,,,,,,,,,,,,,,,,,,,,,,,,,,,,,,,,,,,,,,,,,,,,,,1.0,,,,,,,,,,,,,,,,,,,,,,,,,,,,,,,,,,,,,,,,,,,,,,,,21900,,PLN
75,Osoby prywatnej,Osobowe,Tak,,Aixam,Crossover,,,2014,49 000 km,400 cm3,Diesel,5 KM,Automatyczna,,,,,,,,Auta małe,2,2,Szary,,Metalik,,,,,,,,,,,,,Używane,,,,,,,,,,,,,,,,,,,,,,,,,,,,,,,,,,,,,,,,,,,,,,,,,,,,,,,,,,,,,,,,,,,,,,,,,,,,,,,,,,,,,,,,,,,,,,,,,,,,,,,,,,,,,,,,,,,,,,,,,,,,,,,,,,,,,,,,,,,,,,,,,,,,,,,,,,,,,,,,,,,,,,,,,,,,,,,,,,,,,,,,,29900,Do negocjacji,PLN
76,Firmy,Osobowe,Tak,,Aixam,Crossline,,,2013,41 244 km,480 cm3,Diesel,5 KM,Automatyczna,,Na przednie koła,,,,,,Auta małe,2,2,Czerwony,,Perłowy,,,,Tak,,,,,Tak,,Tak,,Używane,,,,,,,,,,,,,,,1.0,,,,,,,,,,,,,,,,,,,,,,,,,,,,1.0,,,,,,,,,,,,,,,,,,1.0,,,,,,,,,,,,,,,,,,,,,,1.0,,,,,1.0,,,,,,,,,,,,1.0,,,,,,,,,,,,,,,,,,,,,,,,,,,,,,,,,,,1.0,,1.0,,,,,,,,,,,,,,,,,,,,,,,,,1.0,,,,,,,,,,,,1.0,,,,,,,,,1.0,,31500,Do negocjacji,PLN
77,Osoby prywatnej,Osobowe,Tak,,Aixam,City,,,2011,80 000 km,523 cm3,Diesel,4 KM,Automatyczna,,,,,,,,Auta małe,3,2,Niebieski,,Metalik,,,,,,,,,,,,,Używane,,,1.0,,,,,,,,,,,,,,,,,,,,,,,,,,,,,,,,,,,,,,,,1.0,,,,,,,,,,,,,,,,,,1.0,,,,1.0,,,,,,,,,,,,,,,,,,,,,,,,,,,,,,,,,,,,,,,,,,,,,,,,,,,,,,,,,,,,,,,,,,,,,,,,1.0,,,,,,,,,,,,,,,,1.0,,1.0,,,,,,,,,,,,,,,,,,,,,,,,,,,,1.0,,20999,Do negocjacji,PLN
78,Osoby prywatnej,Osobowe,Tak,,Aixam,Crossline,,,2013,41 000 km,599 cm3,Diesel,15 KM,Automatyczna,,,,,,,,Auta małe,3,4,Granatowy,,Perłowy,,,,,,,,,,,,,Używane,,,,,,,,,,,,,,,,,,,,,,,,,,,,,,,,,,,,,,,,,,,,,,,,,,,,,,,,,,,,,,,,,,,,,,,,,,,,,,,,,,,,,,,,,,,,,,,,,,,,,,,,,,,,,,,,,,,,,,,,,,,,,,,,,,,,,,,,,,,,,,,,,,,,,,,,,,,,,,,,,,,,,,,,,,,,,,,,,,,,,,,,,38800,,PLN
79,Firmy,Osobowe,Tak,,Aixam,GTO,,,2022,6 174 km,482 cm3,Diesel,8 KM,Automatyczna,,Na przednie koła,,,,,,Auta małe,2,2,Szary,,,,,,Tak,,,,,,,,,Używane,,,,,,,,,,,,,,,,,,,,,,,,,,,,,,,,,,,,,,,,,,,,,,,,,,,,,,,,,,,,,,,,,,,,,,,,,,,,,,,,,,,,,,,,,,,,,,,,,,,,,,,,,,,,,,,,,,,,,,,,,,,,,,,,,,,,,,,,,,,,,,,,,,,,,,,,,,,,,,,,,,,,,,,,,,,,,,,,,,,,,,,,,52000,,PLN
80,Firmy,Osobowe,,,Aixam,Inny,,,2023,1 km,479 cm3,Diesel,8 KM,Automatyczna,,Na przednie koła,,,,,,Auta małe,3,2,Biały,,,,,,Tak,,,,,,,Tak,,Nowe,,,,,,,,1.0,,,,,,,,,,,,,,,,,,,,,,,,,,,,,,,,,,,,,,,,,,,,,,,,,,,,,,,,,,,,,,,,,,,,,,,,,,,,,,,,,,,,,,,,,,,,,,,,,,,,,,,,,,,,,,,,,,,,,,,,,,,,,,,,,,,,,,,,,,,,,,,,,,,,,,,,,,,,,,,,,,,,,,,,,,,,,,,,,10590,Do negocjacji,EUR
81,Osoby prywatnej,Osobowe,Tak,,Aixam,A741,,,2007,63 210 km,400 cm3,Diesel,4 KM,Automatyczna,,Na przednie koła,,,,,,Auta małe,2,2,Niebieski,,,,Polska,,Tak,,,,,Tak,,,,Używane,,,,,,,,,,,,,,,,,,,,,,,,,,,,,,,,,,,,,,,,,,,,,,,,,,,,,,,,,,,,,1.0,,,,1.0,,,,,1.0,,,1.0,,,,,,,,,,,,,,,,,,,,,,,,,,,,,,,,,,,,,,,,,,,,,,,,,,,,,,,,,,,,,,,,1.0,,,,,,,,,,,,,,,,,,,,,,,,,1.0,,,,,,,,,,,,,,,,,,,,,,,18700,Do negocjacji,PLN
82,Firmy,Osobowe,Tak,,Aixam,Crossline,,,2018,22 513 km,479 cm3,Diesel,8 KM,Automatyczna,,Na przednie koła,,,,,,Auta małe,3,2,Czarny,,Metalik,,,,Tak,,,,,,,,,Używane,,,,,,,,,,,,,,,,,,,,,,,,,,,,,,,,,,,,,,,,,,,,,,,,,,,,,,,,,,,,,,,,,1.0,,,,,,,,,,,,,,,,,,,,,,,1.0,,,,,,,,,,,,,,,,,,,,,,,,,,,,,,,,,,,,,,,,,,,,,,,,,1.0,,,,,,,,,,,,,,,,,,,,,,,,,,,,,,,,,,,,,,,,,,,,,,1.0,,39900,,PLN
83,Osoby prywatnej,Osobowe,Tak,,Aixam,Crossline,,,2011,30 000 km,400 cm3,Diesel,5 KM,Manualna,,Na przednie koła,,,,,,Auta małe,2,2,Niebieski,,Metalik,,Francja,,Tak,,,,,,,,,Używane,,,,,,,,,,,,,,,,,,,,,,,,,,,,,,,,,,,,,,,,,,,,,,,,,,,,,,,,,,,,,,,,,,,,,,,,,,,,,,,,,,,,,,,,,,,,,,,,,,,,,,,,,,,,,,,,,,,,,,,,,,,,,,,,,,,,,,,,,,,,,,,,,,,,,,,,,,,,,,,,,,,,,,,,,,,,,,,,,,,,,,,,,24900,Do negocjacji,PLN
84,Osoby prywatnej,Osobowe,Tak,,Aixam,Crossover,,,2015,33 214 km,400 cm3,Diesel,5 KM,Automatyczna,,Na przednie koła,,,,,,Auta małe,3,2,Granatowy,,Metalik,,Francja,,Tak,,,,,Tak,,,,Używane,,,,,,,,,,,,,,,,,,,,,,,,,,,,,,,,,,,,,,,,,,,,,,,,,,,,,,,,,,,,,,,,,,,,,,,,,,,,,,,,,,,,,,,,,,,,,,,,,,,,,,,,,,,,,,,,,,,,,,,,,,,,,,,,,,,,,,,,,,,,,,,,,,,,,,,,,,,,,,,,,,,,,,,,,,,,,,,,,,,,,,,,,29400,Do negocjacji,PLN
85,Firmy,Osobowe,Tak,,Aixam,Crossline,,,2021,20 270 km,479 cm3,Diesel,8 KM,Automatyczna,,Na przednie koła,,,,,,Auta małe,3,2,Czerwony,,,,Francja,,Tak,,,,,,,,,Używane,,,,,,,,,,,,,,,,,,,,,,,,,,,,,,,,,,,,,,,,,,,,,,,,,,,,,,,,,,,,,,,,,,,,,,,,,,,,,,,,,,,,,,,,,,,,,,,,,,,,,,,,,,,,,,,,,,,,,,,,,,,,,,,,,,,,,,,,,1.0,,,,,,,,,,,,,,,,,,,,,,,,,,,,,,,,,,,,,,,,,,,,,,,,26900,Do negocjacji,PLN
86,Osoby prywatnej,Osobowe,Tak,Tak,Aixam,City,,,2016,17 200 km,400 cm3,Diesel,5 KM,Automatyczna,,Na przednie koła,,,,,,Auta małe,2,2,Czerwony,,,,,,,,,,,Tak,,,,Używane,,,,,,,,,,,,,,,,,,,,,,,,,,,,,,,,,,,,,,,,,,,,,,,,,,,,,,,,,,,,,,,,,,,,,,,,,,,,,,,,,,,,,,,,,,,,,,,,,,,,,,,,,,,,,,,,,,,,,,,,,,,,,,,,,,,,,,,,,1.0,,,,,,,,,,,,,,,,,,,,,,,,,,,,,,,,,,,,,,,,,,,,,,,,27200,Do negocjacji,PLN
87,Osoby prywatnej,Osobowe,Tak,Tak,Aixam,Inny,,,1998,93 205 km,400 cm3,Diesel,5 KM,Automatyczna,,Na przednie koła,,,,,,Auta małe,3,2,Bordowy,,Metalik,,Polska,,,,,,,Tak,,,,Używane,,,,,,,,,,,,,,,,,,,,,,,,,,,,,,,,,,,,,,,,,,,,,,,,,,,,,,,,,,,,,,,,,,,,,,,,,,,,,,,,,,,,,,,,,,,,,,,,,,,,,,,,,,,,,,,,,,,,,,,,,,,,,,,,,,,,,,,,,1.0,,,,,,,,,,,,,,,,,,,,,,,,,,,,,,,,,,,,,,,,,,,,,,,,8900,Do negocjacji,PLN
88,Firmy,Osobowe,Tak,,Aixam,City,,,2006,30 000 km,538 cm3,Diesel,5 KM,Automatyczna,,Na przednie koła,,,,,,Auta małe,3,2,Srebrny,,Metalik,,,,Tak,,,,,Tak,,Tak,Tak,Używane,,,,,,,,,,,,,,,,,,,,,,,,,,,,,,,,,,,,,,,,,,,,,,,,,,,,,,,,,,,,,,,,,,,,,,,,,,,,,,,,,,,,,,,,,,,,,,,,,,,,,,,,,,,,,,,,,,,,,,,,,,,,,,,,,,,,,,,,,1.0,,,,,,,,,,,,,,,,,,,,,,,,,,,,,,,,,,,,,,,,,,,,,,,,10600,Do negocjacji,PLN
89,Firmy,Osobowe,Tak,,Aixam,City,,,2003,45 000 km,505 cm3,Diesel,5 KM,Automatyczna,,Na przednie koła,,,,,,Auta małe,3,2,Czerwony,,,,,,Tak,,,,,Tak,,,,Używane,,,,,,,,,,,,,,,,,,,,,,,,,,,,,,,,,,,,,,,,,,,,,,,,,,,,,,,,,,,,,,,,,,,,,,,,,,,,,,,,,,,,,,,,,,,,,,,,,,,,,,,,,,,,,,,,,,1.0,,,,,,,,,,,,,,,,,,,,,,,1.0,,,,,,,,,,,,,,,,,,,,,,,,,,,,,,,,,,,,,,,,,,,,,,,,8500,Do negocjacji,PLN
90,Osoby prywatnej,Osobowe,Tak,,Aixam,Inny,,,2020,23 000 km,400 cm3,Diesel,5 KM,Automatyczna,,Na przednie koła,,,,,,Auta małe,4,2,Biały,,,,,,Tak,,,,,,,,,Używane,,,,,,,,,,,,,,,,,,,,,,,,,,,,,,,,,,,,,,,,,,,,,,,,,,,,,,,,,,,,,,,,,,,,,,,,,,,,,,,,,,,,,,,,,,,,,,,,,,,,,,,,,,,,,,,,,,,,,,,,,,,,,,,,,,,,,,,,,,,,,,,,,,,,,,,,,,,,,,,,,,,,,,,,,,,,,,,,,,,,,,,,,14500,Do negocjacji,PLN
91,Osoby prywatnej,Osobowe,Tak,,Aixam,Crossline,,,2008,16 000 km,505 cm3,Benzyna,20 KM,Automatyczna,,,,,,,,Auta małe,3,,Srebrny,,,,,,,,,,,,,,,Używane,,,,,,,,,,,,,,,,,,,,,,,,,,,,,,,,,,,,,,,,,,,,,,,,,,,,,,,,,,,,,,,,,,,,,,,,,,,,,,,,,,,,,,,,,,,,,,,,,,,,,,,,,,,,,,,,,,,,,,,,,,,,,,,,,,,,,,,,,,,,,,,,,,,,,,,,,,,,,,,,,,,,,,,,,,,,,,,,,,,,,,,,,26500,,PLN
92,Osoby prywatnej,Osobowe,Tak,,Aixam,Crossover,,,2021,8 190 km,479 cm3,Diesel,8 KM,Automatyczna,,Na przednie koła,,,,,,Auta miejskie,3,2,Inny kolor,,Metalik,,,,,,,,,Tak,,Tak,Tak,Używane,,,1.0,,,,,,,,,,,,,,,,,,,,,,,,,,,,,,,,,,,,,,,,1.0,,,,,,,,,,,,,,,,,,1.0,,,,1.0,,,,,,,,,,,,,,,,,,,,,,,,,,,,,,,,,,,,,,,,,,,,,,,,,,,,,,,,,,,,,,,,,,,,,,,,1.0,,,,,,,,,,,,,,,,1.0,,,,,,,,,,,,,,,,,,,,,,,,,,,,,,1.0,,50900,,PLN
93,Firmy,Osobowe,Tak,,Aixam,Crossover,,,2022,6 000 km,479 cm3,Diesel,9 KM,Automatyczna,,Na przednie koła,,,,,,Auta małe,2,2,Granatowy,,Metalik,,Niemcy,,,,,,,,,,,Używane,,,,,,,,,,,,,,,,,,,,,,,,,,,,,,,,,,,,,,,,,,,,,,,,,,,,,,,,,,,,,,,,,,,,,,,,,,,,,,,,,,,,,,,,,,,,,,,,,,,,,,,,,,,,,,,,,,,,,,,,,,,,,,,,,,,,,,,,,,,,,,,,,,,,,,,,,,,,,,,,,,,,,,,,,,,,,,,,,,,,,,,,,24900,,PLN
94,Firmy,Osobowe,Tak,,Aixam,City,,,2021,13 000 km,479 cm3,Diesel,8 KM,Automatyczna,,Na przednie koła,,,,,,Auta małe,2,2,Niebieski,,Metalik,,Francja,,Tak,,,,,,,,,Używane,,,,,,,,,,,,,,,,,,,,,,,,,,,,,,,,,,,,,,,,,,,,,,,,,,,,,,,,,,,,,,,,,,,,,,,,,,,,,,,,,,,,,,,,,,,,,,,,,,,,,,,,,,,,,,,,,,,,,,,,,,,,,,,,,,,,,,,,,,,,,,,,,,,,,,,,,,,,,,,,,,,,,,,,,,,,,,,,,,,,,,,,,19999,,PLN
95,Osoby prywatnej,Osobowe,Tak,,Aixam,Coupe,,,2016,30 000 km,500 cm3,Diesel,6 KM,Automatyczna,,,,,,,,Auta małe,3,,Czerwony,,,,,,,,,,,,,,,Używane,,,,,,,,,,,,,,,,,,,,,,,,,,,,,,,,,,,,,,,,,,,,,,,,,,,,,,,,,,,,,,,,,,,,,,,,,,,,,,,,,,,,,,,,,,,,,,,,,,,,,,,,,,,,,,,,,,,,,,,,,,,,,,,,,,,,,,,,,,,,,,,,,,,,,,,,,,,,,,,,,,,,,,,,,,,,,,,,,,,,,,,,,29500,Do negocjacji,PLN
96,Osoby prywatnej,Osobowe,Tak,Tak,Aixam,A741,,,2005,53 000 km,400 cm3,Diesel,5 KM,Automatyczna,,Na przednie koła,,,,,,Auta małe,3,2,Czerwony,,Metalik,,Francja,,,,,,,Tak,,Tak,,Używane,,,,,,,,,,,,,,,,,,,,,,,,,,,,,,,,,,,,,,,,,,,,,,,,,,,,,,,,,,,,,,,,,,,,,,,,,,,,,,,,,,,,,,,,,,,,,,,,,,,,,,,,,,,,,,,,,,,,,,,,,,,,,,,,,,,,,,,,,,,,,,,,,,,,,,,,,,,,,,,,,,,,,,,,,,,,,,,,,,,,,,,,,13000,Do negocjacji,PLN
97,Firmy,Osobowe,,,Aixam,Crossover,,,2023,2 km,479 cm3,Diesel,8 KM,Automatyczna,,Na przednie koła,,,,,,Auta małe,2,2,Biały,,Perłowy,,,,,Tak,,,,,,Tak,,Nowe,1.0,1.0,1.0,,,,,1.0,,,,,,,,,,,,,,,,,,,,,,,,,,,,,,,,,,,1.0,,,,,,1.0,,,,1.0,,,,,,,,1.0,,,,1.0,,,,,1.0,,,1.0,,,,,,,,,,,,,,,,,,,,,,,,,,,1.0,1.0,,,,,,,,,,,,,,,,,,,,,,,,,,,,,,,,,,1.0,,1.0,,,,,,,,,,,,,,,,,,1.0,,,,,1.0,,1.0,,,,,,,,,,,,1.0,,,,,,,,,1.0,,75000,Faktura VAT,PLN
98,Osoby prywatnej,Osobowe,Tak,,Aixam,Crossline,,,2018,52 000 km,479 cm3,Diesel,10 KM,Automatyczna,,Na przednie koła,,,,,,Auta małe,2,2,Niebieski,,Metalik,,,,,,,,,,,,,Używane,,,,,,,,,,,,,,,,,,,,,,,,,,,,,,,,,,,,,,,,,,,,,,,,,,,,,,,,,,,,,,,,,,,,,,,,,,,,,,,,,,,,,,,,,,,,,,,,,,,,,,,,,,,,,,,,,,,,,,,,,,,,,,,,,,,,,,,,,,,,,,,,,,,,,,,,,,,,,,,,,,,,,,,,,,,,,,,,,,,,,,,,,29600,Do negocjacji,PLN
99,Firmy,Osobowe,Tak,,Aixam,City,,,2011,37 600 km,400 cm3,Diesel,5 KM,Automatyczna,,,,,,,,Auta małe,3,2,Biały,,Perłowy,,,,,,,,,,,,,Używane,,,,,,,,,,,,,,,,,,,,,,,,,,,,,,,,,,,,,,,,,,,,,,,,,,,,,,,,,,,,,,,,,,,,,,,,,,,,,,,,,,,,,,,,,,,,,,,,,,,,,,,,,,,,,,,,,,,,,,,,,,,,,,,,,,,,,,,,,,,,,,,,,,,,,,,,,,,,,,,,,,,,,,,,,,,,,,,,,,,,,,,,,23900,Do negocjacji,PLN
100,Osoby prywatnej,Osobowe,Tak,,Aixam,Inny,,,2018,13 500 km,,Elektryczny,100 KM,Automatyczna,,Na przednie koła,,,,,,Minivan,2,2,Czarny,,,,Niemcy,,,,,,,,,Tak,Tak,Używane,,,,,,,,,,,,,,,,,,,,,,,,,,,,,,,,,,,,,,,,,,,,,,,,,,,,,,,,,,,,,,,,,,,,,,,,,,,,,,,,,,,,,,,,,,,,,,,,,,,,,,,,,,,,,,,,,,,,,,,,,,,,,,,,,,,,,,,,,,,,,,,,,,,,,,,,,,,,,,,,,,,,,,,,,,,,,,,,,,,,,,,,,18000,Do negocjacji,PLN
101,Osoby prywatnej,Osobowe,Tak,,Aixam,City,,,2004,69 000 km,400 cm3,Diesel,4 KM,Automatyczna,,Na przednie koła,,,,,,Auta małe,3,2,Niebieski,,Perłowy,,,,,,,,,Tak,,,,Używane,,,,,,,,,,,,,,,,,,,,,,,,,,,,,,,,,,,,,,,,,,,,,,,,,,,,,,,,,,,,,,,,,,,,,,,,,,,,,,,,,,,,,,,,,,,,,,,,,,,,,,,,,,,,,,,,,,,,,,,,,,,,,,,,,,,,,,,,,1.0,,,,,,,,,,,,,,,,,,,,,,,,,,,,,,,,,,,,,,,,,,,,,,,,8200,Do negocjacji,PLN
102,Osoby prywatnej,Osobowe,Tak,,Aixam,A741,,,2002,5 000 km,500 cm3,Diesel,5 KM,Manualna,,Na przednie koła,,,,,,Auta małe,2,2,Srebrny,,Matowy,,,,,,,,,,,,,Używane,,,,,,,,,,,,,,,,,,,,,,,,,,,,,,,,,,,,,,,,,,,,,,,,,,,,,,,,,,,,,,,,,,,,,,,,,,,,,,,,,,,,,,,,,,,,,,,,,,,,,,,,,,,,,,,,,,,,,,,,,,,,,,,,,,,,,,,,,,,,,,,,,,,,,,,,,,,,,,,,,,,,,,,,,,,,,,,,,,,,,,,,,5000,,PLN
103,Osoby prywatnej,Osobowe,Tak,,Aixam,Inny,,,2004,31 200 km,400 cm3,Diesel,4 KM,Automatyczna,,,,,,,,Auta małe,2,2,Niebieski,,,,,,,,,,,,,,,Używane,,,,,,,,,,,,,,,,,,,,,,,,,,,,,,,,,,,,,,,,,,,,,,,,,,,,,,,,,,,,,,,,,,,,,,,,,,,,,,,,,,,,,,,,,,,,,,,,,,,,,,,,,,,,,,,,,,,,,,,,,,,,,,,,,,,,,,,,,,,,,,,,,,,,,,,,,,,,,,,,,,,,,,,,,,,,,,,,,,,,,,,,,6500,,PLN
104,Osoby prywatnej,Osobowe,Tak,,Aixam,Crossover,,,2016,38 000 km,400 cm3,Diesel,6 KM,Automatyczna,,Na przednie koła,,,,,,Auta małe,3,2,Inny kolor,,Metalik,,Francja,,Tak,,,,,,,,,Używane,,,,,,,,,,,,,,,,,,,,,,,,,,,,,,,,,,,,,,,,,,,,,,,,,,,,,,,,,,,,,,,,,,,,,,,,,,,,,,,,,,,,,,,,,,,,,,,,,,,,,,,,,,,,,,,,,,,,,,,,,,,,,,,,,,,,,,,,,,,,,,,,,,,,,,,,,,,,,,,,,,,,,,,,,,,,,,,,,,,,,,,,,29900,,PLN
105,Firmy,Osobowe,Tak,,Aixam,City,,,2021,28 000 km,479 cm3,Diesel,8 KM,Automatyczna,,Na przednie koła,,,,,,Auta małe,3,2,Biały,,,,,,,,,,,,,,,Używane,,,,,,,,,,,,,,,,,,,,,,,,,,,,,,,,,,,,,,,,,,,,,,,,,,,,,,,,,,,,,1.0,,,,,,,,,,,,,,,,,,,,,,,,,,,,,,,,,,,,,,,,,,,,,,,,,,,,,,,,,,,,,,,,,,,,,,,,,,,,,,,,,,,,,,,,,,,,,,,,,,,,,,,,,,,,,,,,,,,,,,,,,,1.0,,37900,,PLN
106,Firmy,Osobowe,,,Aixam,Inny,,,2022,2 km,479 cm3,Diesel,8 KM,Automatyczna,,Na przednie koła,,,,,,Auta małe,2,2,Biały,,,,,,,Tak,,,,,,Tak,,Nowe,,,,,,,,1.0,,,,,,,,,,,,,,,,,,,,,,,,,,,,,,,,,,,,,,,,,,,,,,,,,,,,,,,,,,,,,,,,,,,,,,,,,,,,,,,,,,,,,,,,,,,,,,,,,,,,,,,,,,,,,,,,,,,,,,,,,,,,,,,,,1.0,,,,,,,,,,,,,,,,,,,,,,,1.0,,,,,,,,,,,,,,,,,,,,,,,,,49900,Faktura VAT,PLN
107,Osoby prywatnej,Osobowe,Tak,,Aixam,Crossline,,,2007,114 000 km,479 cm3,Diesel,13 KM,Automatyczna,,,,,,,,Auta małe,3,4,Czarny,,,,,,,,,,,,,,,Używane,,,,,,,,1.0,,,,,,,,,,,,,,,,,,,,,,,,,,,,,,,,,,,,,,,,,,,,,,,,,,,,,1.0,,,,1.0,,,,,,,,,,,,,,,,,,,,,,,,,,,,,,,,,,,,,,,,,,,,,,,,,,,,,,,,,,,,,,,,,,,,,,1.0,,1.0,,,,,,,,,,,,,,,,,,1.0,,,,,,,,,,,,,,,,,,,1.0,,,,,,,,,,,22000,Do negocjacji,PLN
108,Osoby prywatnej,Osobowe,Tak,Tak,Aixam,Roadline,,,2009,42 000 km,400 cm3,Diesel,5 KM,Automatyczna,,Na przednie koła,,,,,,Auta małe,2,2,Srebrny,,Metalik,,,,,,,,,Tak,,Tak,,Używane,,,,,,,,,,,,,,,,,,,,,,,,,,,,,,,,,,,,,,,,,,,,,,,,,,,,,,,,,,,,,,,,,,,,,,,,,,,,,,,,,,,,,,,,,,,,,,,,,,,,,,,,,,,,,,,,,,,,,,,,,,,,,,,,,,,,,,,,,,,,,,,,,,,,,,,,,,,,,,,,,,,,,,,,,,,,,,,,,,,,,,,,,15900,Do negocjacji,PLN
109,Osoby prywatnej,Osobowe,Tak,,Aixam,A751,,,2007,110 385 km,400 cm3,Benzyna,7 KM,Automatyczna,,,,,,,,Auta małe,3,4,Srebrny,,,,,,,,,,,,,,,Używane,,,,,,,,,,,,,,,,,,,,,,,,,,,,,,,,,,,,,,,,,,,,,,,,,,,,,,,,,,,,,,,,,,,,,,,,,,,,,,,,,,,,,,,,,,,,,,,,,,,,,,,,,,,,,,,,,,,,,,,,,,,,,,,,,,,,,,,,,,,,,,,,,,,,,,,,,,,,,,,,,,,,,,,,,,,,,,,,,,,,,,,,,15000,Do negocjacji,PLN
